{"cameraMode":{"drawMode":0,"name":"Shaded","section":"Shading Mode"},"sceneLighting":true,"audioPlay":false,"sceneViewState":{"showFog":true,"showMaterialUpdate":false,"showSkybox":true,"showFlares":true,"showImageEffects":true,"showParticleSystems":true},"in2DMode":false,"pivot":{"x":132.04501342773438,"y":-0.9435946941375732,"z":-74.50448608398438},"rotation":{"x":0.48108530044555666,"y":-0.005443821661174297,"z":0.00266618886962533,"w":0.8766528964042664},"size":15.528410911560059,"orthographic":false}