{"cameraMode":{"drawMode":0,"name":"Shaded","section":"Shading Mode"},"sceneLighting":false,"audioPlay":false,"sceneViewState":{"showFog":true,"showMaterialUpdate":false,"showSkybox":true,"showFlares":true,"showImageEffects":true,"showParticleSystems":true},"in2DMode":false,"pivot":{"x":131.11000061035157,"y":1.0,"z":-68.06999969482422},"rotation":{"x":0.6920931935310364,"y":-0.004565441515296698,"z":0.003987522330135107,"w":0.7217827439308167},"size":1.4289418458938599,"orthographic":false}