{"cameraMode":{"drawMode":0,"name":"Shaded","section":"Shading Mode"},"sceneLighting":true,"audioPlay":false,"sceneViewState":{"showFog":true,"showMaterialUpdate":false,"showSkybox":true,"showFlares":true,"showImageEffects":true,"showParticleSystems":true},"in2DMode":false,"pivot":{"x":147.88949584960938,"y":8.290420532226563,"z":-55.426673889160159},"rotation":{"x":0.531377375125885,"y":-0.020523402839899064,"z":0.012546228244900704,"w":0.8467937111854553},"size":917.8452758789063,"orthographic":false}