{"cameraMode":{"drawMode":0,"name":"Shaded","section":"Shading Mode"},"sceneLighting":true,"audioPlay":false,"sceneViewState":{"showFog":true,"showMaterialUpdate":false,"showSkybox":true,"showFlares":true,"showImageEffects":true,"showParticleSystems":true},"in2DMode":false,"pivot":{"x":-72.19468688964844,"y":0.11772727966308594,"z":-271.5699768066406},"rotation":{"x":0.6723201274871826,"y":-0.009113783948123455,"z":0.007896799594163895,"w":0.7401623129844666},"size":96.47872161865235,"orthographic":false}