{"cameraMode":{"drawMode":0,"name":"Shaded","section":"Shading Mode"},"sceneLighting":true,"audioPlay":false,"sceneViewState":{"showFog":true,"showMaterialUpdate":false,"showSkybox":true,"showFlares":true,"showImageEffects":true,"showParticleSystems":true},"in2DMode":false,"pivot":{"x":71.04071044921875,"y":-34.01359939575195,"z":-176.3336639404297},"rotation":{"x":0.6184017062187195,"y":-0.017896391451358796,"z":0.013729052618145943,"w":0.785538375377655},"size":279.1290588378906,"orthographic":false}